Postal_code,Population
" ,"" "",""Total"",6025603"
" ,"" "",""1050 Křbenhavn K (Křbenhavn Municipality)"",23"
" ,"" "",""1051 Křbenhavn K (Křbenhavn Municipality)"",412"
" ,"" "",""1052 Křbenhavn K (Křbenhavn Municipality)"",425"
" ,"" "",""1053 Křbenhavn K (Křbenhavn Municipality)"",416"
" ,"" "",""1054 Křbenhavn K (Křbenhavn Municipality)"",382"
" ,"" "",""1055 Křbenhavn K (Křbenhavn Municipality)"",342"
" ,"" "",""1056 Křbenhavn K (Křbenhavn Municipality)"",49"
" ,"" "",""1057 Křbenhavn K (Křbenhavn Municipality)"",302"
" ,"" "",""1058 Křbenhavn K (Křbenhavn Municipality)"",214"
" ,"" "",""1059 Křbenhavn K (Křbenhavn Municipality)"",16"
" ,"" "",""1061 Křbenhavn K (Křbenhavn Municipality)"",11"
" ,"" "",""1062 Křbenhavn K (Křbenhavn Municipality)"",16"
" ,"" "",""1063 Křbenhavn K (Křbenhavn Municipality)"",109"
" ,"" "",""1064 Křbenhavn K (Křbenhavn Municipality)"",8"
" ,"" "",""1065 Křbenhavn K (Křbenhavn Municipality)"",22"
" ,"" "",""1066 Křbenhavn K (Křbenhavn Municipality)"",64"
" ,"" "",""1067 Křbenhavn K (Křbenhavn Municipality)"",100"
" ,"" "",""1068 Křbenhavn K (Křbenhavn Municipality)"",43"
" ,"" "",""1069 Křbenhavn K (Křbenhavn Municipality)"",39"
" ,"" "",""1070 Křbenhavn K (Křbenhavn Municipality)"",60"
" ,"" "",""1071 Křbenhavn K (Křbenhavn Municipality)"",57"
" ,"" "",""1072 Křbenhavn K (Křbenhavn Municipality)"",5"
" ,"" "",""1073 Křbenhavn K (Křbenhavn Municipality)"",6"
" ,"" "",""1074 Křbenhavn K (Křbenhavn Municipality)"",25"
" ,"" "",""1100 Křbenhavn K (Křbenhavn Municipality)"",30"
" ,"" "",""1101 Křbenhavn K (Křbenhavn Municipality)"",84"
" ,"" "",""1102 Křbenhavn K (Křbenhavn Municipality)"",2"
" ,"" "",""1103 Křbenhavn K (Křbenhavn Municipality)"",4"
" ,"" "",""1104 Křbenhavn K (Křbenhavn Municipality)"",90"
" ,"" "",""1105 Křbenhavn K (Křbenhavn Municipality)"",0"
" ,"" "",""1106 Křbenhavn K (Křbenhavn Municipality)"",8"
" ,"" "",""1107 Křbenhavn K (Křbenhavn Municipality)"",97"
" ,"" "",""1110 Křbenhavn K (Křbenhavn Municipality)"",101"
" ,"" "",""1111 Křbenhavn K (Křbenhavn Municipality)"",74"
" ,"" "",""1112 Křbenhavn K (Křbenhavn Municipality)"",181"
" ,"" "",""1113 Křbenhavn K (Křbenhavn Municipality)"",64"
" ,"" "",""1114 Křbenhavn K (Křbenhavn Municipality)"",110"
" ,"" "",""1115 Křbenhavn K (Křbenhavn Municipality)"",36"
" ,"" "",""1116 Křbenhavn K (Křbenhavn Municipality)"",55"
" ,"" "",""1117 Křbenhavn K (Křbenhavn Municipality)"",77"
" ,"" "",""1118 Křbenhavn K (Křbenhavn Municipality)"",8"
" ,"" "",""1119 Křbenhavn K (Křbenhavn Municipality)"",81"
" ,"" "",""1123 Křbenhavn K (Křbenhavn Municipality)"",913"
" ,"" "",""1124 Křbenhavn K (Křbenhavn Municipality)"",172"
" ,"" "",""1125 Křbenhavn K (Křbenhavn Municipality)"",30"
" ,"" "",""1126 Křbenhavn K (Křbenhavn Municipality)"",8"
" ,"" "",""1127 Křbenhavn K (Křbenhavn Municipality)"",89"
" ,"" "",""1128 Křbenhavn K (Křbenhavn Municipality)"",25"
" ,"" "",""1129 Křbenhavn K (Křbenhavn Municipality)"",61"
" ,"" "",""1130 Křbenhavn K (Křbenhavn Municipality)"",114"
" ,"" "",""1131 Křbenhavn K (Křbenhavn Municipality)"",42"
" ,"" "",""1150 Křbenhavn K (Křbenhavn Municipality)"",277"
" ,"" "",""1151 Křbenhavn K (Křbenhavn Municipality)"",98"
" ,"" "",""1152 Křbenhavn K (Křbenhavn Municipality)"",101"
" ,"" "",""1153 Křbenhavn K (Křbenhavn Municipality)"",77"
" ,"" "",""1154 Křbenhavn K (Křbenhavn Municipality)"",125"
" ,"" "",""1156 Křbenhavn K (Křbenhavn Municipality)"",19"
" ,"" "",""1157 Křbenhavn K (Křbenhavn Municipality)"",90"
" ,"" "",""1158 Křbenhavn K (Křbenhavn Municipality)"",4"
" ,"" "",""1159 Křbenhavn K (Křbenhavn Municipality)"",357"
" ,"" "",""1160 Křbenhavn K (Křbenhavn Municipality)"",33"
" ,"" "",""1161 Křbenhavn K (Křbenhavn Municipality)"",44"
" ,"" "",""1164 Křbenhavn K (Křbenhavn Municipality)"",46"
" ,"" "",""1165 Křbenhavn K (Křbenhavn Municipality)"",242"
" ,"" "",""1166 Křbenhavn K (Křbenhavn Municipality)"",11"
" ,"" "",""1169 Křbenhavn K (Křbenhavn Municipality)"",304"
" ,"" "",""1170 Křbenhavn K (Křbenhavn Municipality)"",16"
" ,"" "",""1171 Křbenhavn K (Křbenhavn Municipality)"",346"
" ,"" "",""1172 Křbenhavn K (Křbenhavn Municipality)"",101"
" ,"" "",""1173 Křbenhavn K (Křbenhavn Municipality)"",162"
" ,"" "",""1174 Křbenhavn K (Křbenhavn Municipality)"",187"
" ,"" "",""1175 Křbenhavn K (Křbenhavn Municipality)"",30"
" ,"" "",""1200 Křbenhavn K (Křbenhavn Municipality)"",58"
" ,"" "",""1201 Křbenhavn K (Křbenhavn Municipality)"",107"
" ,"" "",""1202 Křbenhavn K (Křbenhavn Municipality)"",46"
" ,"" "",""1203 Křbenhavn K (Křbenhavn Municipality)"",72"
" ,"" "",""1204 Křbenhavn K (Křbenhavn Municipality)"",48"
" ,"" "",""1205 Křbenhavn K (Křbenhavn Municipality)"",63"
" ,"" "",""1206 Křbenhavn K (Křbenhavn Municipality)"",32"
" ,"" "",""1207 Křbenhavn K (Křbenhavn Municipality)"",49"
" ,"" "",""1208 Křbenhavn K (Křbenhavn Municipality)"",162"
" ,"" "",""1209 Křbenhavn K (Křbenhavn Municipality)"",150"
" ,"" "",""1210 Křbenhavn K (Křbenhavn Municipality)"",123"
" ,"" "",""1211 Křbenhavn K (Křbenhavn Municipality)"",79"
" ,"" "",""1212 Křbenhavn K (Křbenhavn Municipality)"",0"
" ,"" "",""1218 Křbenhavn K (Křbenhavn Municipality)"",18"
" ,"" "",""1219 Křbenhavn K (Křbenhavn Municipality)"",15"
" ,"" "",""1220 Křbenhavn K (Křbenhavn Municipality)"",125"
" ,"" "",""1250 Křbenhavn K (Křbenhavn Municipality)"",96"
" ,"" "",""1251 Křbenhavn K (Křbenhavn Municipality)"",62"
" ,"" "",""1253 Křbenhavn K (Křbenhavn Municipality)"",641"
" ,"" "",""1254 Křbenhavn K (Křbenhavn Municipality)"",243"
" ,"" "",""1255 Křbenhavn K (Křbenhavn Municipality)"",98"
" ,"" "",""1256 Křbenhavn K (Křbenhavn Municipality)"",418"
" ,"" "",""1257 Křbenhavn K (Křbenhavn Municipality)"",18"
" ,"" "",""1259 Křbenhavn K (Křbenhavn Municipality)"",0"
" ,"" "",""1260 Křbenhavn K (Křbenhavn Municipality)"",360"
" ,"" "",""1261 Křbenhavn K (Křbenhavn Municipality)"",79"
" ,"" "",""1263 Křbenhavn K (Křbenhavn Municipality)"",214"
" ,"" "",""1264 Křbenhavn K (Křbenhavn Municipality)"",1317"
" ,"" "",""1265 Křbenhavn K (Křbenhavn Municipality)"",133"
" ,"" "",""1266 Křbenhavn K (Křbenhavn Municipality)"",78"
" ,"" "",""1267 Křbenhavn K (Křbenhavn Municipality)"",67"
" ,"" "",""1268 Křbenhavn K (Křbenhavn Municipality)"",55"
" ,"" "",""1270 Křbenhavn K (Křbenhavn Municipality)"",132"
" ,"" "",""1271 Křbenhavn K (Křbenhavn Municipality)"",18"
" ,"" "",""1300 Křbenhavn K (Křbenhavn Municipality)"",515"
" ,"" "",""1302 Křbenhavn K (Křbenhavn Municipality)"",947"
" ,"" "",""1303 Křbenhavn K (Křbenhavn Municipality)"",112"
" ,"" "",""1304 Křbenhavn K (Křbenhavn Municipality)"",496"
" ,"" "",""1306 Křbenhavn K (Křbenhavn Municipality)"",658"
" ,"" "",""1307 Křbenhavn K (Křbenhavn Municipality)"",1467"
" ,"" "",""1308 Křbenhavn K (Křbenhavn Municipality)"",275"
" ,"" "",""1309 Křbenhavn K (Křbenhavn Municipality)"",161"
" ,"" "",""1310 Křbenhavn K (Křbenhavn Municipality)"",696"
" ,"" "",""1311 Křbenhavn K (Křbenhavn Municipality)"",368"
" ,"" "",""1312 Křbenhavn K (Křbenhavn Municipality)"",23"
" ,"" "",""1313 Křbenhavn K (Křbenhavn Municipality)"",261"
" ,"" "",""1314 Křbenhavn K (Křbenhavn Municipality)"",102"
" ,"" "",""1315 Křbenhavn K (Křbenhavn Municipality)"",50"
" ,"" "",""1316 Křbenhavn K (Křbenhavn Municipality)"",237"
" ,"" "",""1317 Křbenhavn K (Křbenhavn Municipality)"",44"
" ,"" "",""1318 Křbenhavn K (Křbenhavn Municipality)"",51"
" ,"" "",""1319 Křbenhavn K (Křbenhavn Municipality)"",268"
" ,"" "",""1320 Křbenhavn K (Křbenhavn Municipality)"",80"
" ,"" "",""1321 Křbenhavn K (Křbenhavn Municipality)"",25"
" ,"" "",""1322 Křbenhavn K (Křbenhavn Municipality)"",141"
" ,"" "",""1323 Křbenhavn K (Křbenhavn Municipality)"",40"
" ,"" "",""1324 Křbenhavn K (Křbenhavn Municipality)"",128"
" ,"" "",""1325 Křbenhavn K (Křbenhavn Municipality)"",117"
" ,"" "",""1326 Křbenhavn K (Křbenhavn Municipality)"",42"
" ,"" "",""1327 Křbenhavn K (Křbenhavn Municipality)"",28"
" ,"" "",""1328 Křbenhavn K (Křbenhavn Municipality)"",63"
" ,"" "",""1329 Křbenhavn K (Křbenhavn Municipality)"",22"
" ,"" "",""1350 Křbenhavn K (Křbenhavn Municipality)"",312"
" ,"" "",""1352 Křbenhavn K (Křbenhavn Municipality)"",501"
" ,"" "",""1353 Křbenhavn K (Křbenhavn Municipality)"",82"
" ,"" "",""1354 Křbenhavn K (Křbenhavn Municipality)"",519"
" ,"" "",""1355 Křbenhavn K (Křbenhavn Municipality)"",420"
" ,"" "",""1356 Křbenhavn K (Křbenhavn Municipality)"",149"
" ,"" "",""1357 Křbenhavn K (Křbenhavn Municipality)"",151"
" ,"" "",""1358 Křbenhavn K (Křbenhavn Municipality)"",391"
" ,"" "",""1359 Křbenhavn K (Křbenhavn Municipality)"",222"
" ,"" "",""1360 Křbenhavn K (Křbenhavn Municipality)"",750"
" ,"" "",""1361 Křbenhavn K (Křbenhavn Municipality)"",307"
" ,"" "",""1362 Křbenhavn K (Křbenhavn Municipality)"",382"
" ,"" "",""1363 Křbenhavn K (Křbenhavn Municipality)"",498"
" ,"" "",""1364 Křbenhavn K (Křbenhavn Municipality)"",984"
" ,"" "",""1365 Křbenhavn K (Křbenhavn Municipality)"",199"
" ,"" "",""1366 Křbenhavn K (Křbenhavn Municipality)"",1287"
" ,"" "",""1367 Křbenhavn K (Křbenhavn Municipality)"",376"
" ,"" "",""1368 Křbenhavn K (Křbenhavn Municipality)"",324"
" ,"" "",""1369 Křbenhavn K (Křbenhavn Municipality)"",187"
" ,"" "",""1370 Křbenhavn K (Křbenhavn Municipality)"",741"
" ,"" "",""1400 Křbenhavn K (Křbenhavn Municipality)"",429"
" ,"" "",""1401 Křbenhavn K (Křbenhavn Municipality)"",1007"
" ,"" "",""1402 Křbenhavn K (Křbenhavn Municipality)"",307"
" ,"" "",""1403 Křbenhavn K (Křbenhavn Municipality)"",8"
" ,"" "",""1406 Křbenhavn K (Křbenhavn Municipality)"",42"
" ,"" "",""1407 Křbenhavn K (Křbenhavn Municipality)"",134"
" ,"" "",""1408 Křbenhavn K (Křbenhavn Municipality)"",625"
" ,"" "",""1410 Křbenhavn K (Křbenhavn Municipality)"",30"
" ,"" "",""1411 Křbenhavn K (Křbenhavn Municipality)"",487"
" ,"" "",""1412 Křbenhavn K (Křbenhavn Municipality)"",38"
" ,"" "",""1413 Křbenhavn K (Křbenhavn Municipality)"",90"
" ,"" "",""1414 Křbenhavn K (Křbenhavn Municipality)"",255"
" ,"" "",""1415 Křbenhavn K (Křbenhavn Municipality)"",719"
" ,"" "",""1416 Křbenhavn K (Křbenhavn Municipality)"",470"
" ,"" "",""1417 Křbenhavn K (Křbenhavn Municipality)"",85"
" ,"" "",""1418 Křbenhavn K (Křbenhavn Municipality)"",254"
" ,"" "",""1419 Křbenhavn K (Křbenhavn Municipality)"",18"
" ,"" "",""1420 Křbenhavn K (Křbenhavn Municipality)"",681"
" ,"" "",""1421 Křbenhavn K (Křbenhavn Municipality)"",37"
" ,"" "",""1422 Křbenhavn K (Křbenhavn Municipality)"",851"
" ,"" "",""1423 Křbenhavn K (Křbenhavn Municipality)"",90"
" ,"" "",""1424 Křbenhavn K (Křbenhavn Municipality)"",390"
" ,"" "",""1425 Křbenhavn K (Křbenhavn Municipality)"",263"
" ,"" "",""1426 Křbenhavn K (Křbenhavn Municipality)"",144"
" ,"" "",""1427 Křbenhavn K (Křbenhavn Municipality)"",231"
" ,"" "",""1428 Křbenhavn K (Křbenhavn Municipality)"",450"
" ,"" "",""1429 Křbenhavn K (Křbenhavn Municipality)"",522"
" ,"" "",""1430 Křbenhavn K (Křbenhavn Municipality)"",422"
" ,"" "",""1431 Křbenhavn K (Křbenhavn Municipality)"",0"
" ,"" "",""1432 Křbenhavn K (Křbenhavn Municipality)"",2142"
" ,"" "",""1433 Křbenhavn K (Křbenhavn Municipality)"",0"
" ,"" "",""1434 Křbenhavn K (Křbenhavn Municipality)"",134"
" ,"" "",""1435 Křbenhavn K (Křbenhavn Municipality)"",103"
" ,"" "",""1436 Křbenhavn K (Křbenhavn Municipality)"",535"
" ,"" "",""1437 Křbenhavn K (Křbenhavn Municipality)"",443"
" ,"" "",""1439 Křbenhavn K (Křbenhavn Municipality)"",169"
" ,"" "",""1440 Křbenhavn K (Křbenhavn Municipality)"",725"
" ,"" "",""1441 Křbenhavn K (Křbenhavn Municipality)"",149"
" ,"" "",""1450 Křbenhavn K (Křbenhavn Municipality)"",61"
" ,"" "",""1451 Křbenhavn K (Křbenhavn Municipality)"",75"
" ,"" "",""1452 Křbenhavn K (Křbenhavn Municipality)"",135"
" ,"" "",""1453 Křbenhavn K (Křbenhavn Municipality)"",324"
" ,"" "",""1454 Křbenhavn K (Křbenhavn Municipality)"",146"
" ,"" "",""1455 Křbenhavn K (Křbenhavn Municipality)"",394"
" ,"" "",""1456 Křbenhavn K (Křbenhavn Municipality)"",126"
" ,"" "",""1457 Křbenhavn K (Křbenhavn Municipality)"",10"
" ,"" "",""1458 Křbenhavn K (Křbenhavn Municipality)"",73"
" ,"" "",""1459 Křbenhavn K (Křbenhavn Municipality)"",47"
" ,"" "",""1460 Křbenhavn K (Křbenhavn Municipality)"",60"
" ,"" "",""1462 Křbenhavn K (Křbenhavn Municipality)"",90"
" ,"" "",""1463 Křbenhavn K (Křbenhavn Municipality)"",25"
" ,"" "",""1464 Křbenhavn K (Křbenhavn Municipality)"",10"
" ,"" "",""1466 Křbenhavn K (Křbenhavn Municipality)"",109"
" ,"" "",""1467 Křbenhavn K (Křbenhavn Municipality)"",55"
" ,"" "",""1468 Křbenhavn K (Křbenhavn Municipality)"",123"
" ,"" "",""1470 Křbenhavn K (Křbenhavn Municipality)"",80"
" ,"" "",""1471 Křbenhavn K (Křbenhavn Municipality)"",36"
" ,"" "",""1472 Křbenhavn K (Křbenhavn Municipality)"",64"
" ,"" "",""1473 Křbenhavn K (Křbenhavn Municipality)"",20"
" ,"" "",""1500 Křbenhavn V (Křbenhavn Municipality)"",0"
" ,"" "",""1550 Křbenhavn V (Křbenhavn Municipality)"",14"
" ,"" "",""1551 Křbenhavn V (Křbenhavn Municipality)"",0"
" ,"" "",""1552 Křbenhavn V (Křbenhavn Municipality)"",382"
" ,"" "",""1553 Křbenhavn V (Křbenhavn Municipality)"",425"
" ,"" "",""1554 Křbenhavn V (Křbenhavn Municipality)"",0"
" ,"" "",""1555 Křbenhavn V (Křbenhavn Municipality)"",17"
" ,"" "",""1556 Křbenhavn V (Křbenhavn Municipality)"",46"
" ,"" "",""1557 Křbenhavn V (Křbenhavn Municipality)"",88"
" ,"" "",""1558 Křbenhavn V (Křbenhavn Municipality)"",60"
" ,"" "",""1559 Křbenhavn V (Křbenhavn Municipality)"",40"
" ,"" "",""1560 Křbenhavn V (Křbenhavn Municipality)"",6"
" ,"" "",""1561 Křbenhavn V (Křbenhavn Municipality)"",718"
" ,"" "",""1562 Křbenhavn V (Křbenhavn Municipality)"",36"
" ,"" "",""1563 Křbenhavn V (Křbenhavn Municipality)"",17"
" ,"" "",""1564 Křbenhavn V (Křbenhavn Municipality)"",126"
" ,"" "",""1568 Křbenhavn V (Křbenhavn Municipality)"",66"
" ,"" "",""1569 Křbenhavn V (Křbenhavn Municipality)"",89"
" ,"" "",""1570 Křbenhavn V (Křbenhavn Municipality)"",0"
" ,"" "",""1571 Křbenhavn V (Křbenhavn Municipality)"",45"
" ,"" "",""1572 Křbenhavn V (Křbenhavn Municipality)"",112"
" ,"" "",""1573 Křbenhavn V (Křbenhavn Municipality)"",376"
" ,"" "",""1574 Křbenhavn V (Křbenhavn Municipality)"",75"
" ,"" "",""1575 Křbenhavn V (Křbenhavn Municipality)"",24"
" ,"" "",""1576 Křbenhavn V (Křbenhavn Municipality)"",62"
" ,"" "",""1577 Křbenhavn V (Křbenhavn Municipality)"",692"
" ,"" "",""1600 Křbenhavn V (Křbenhavn Municipality)"",32"
" ,"" "",""1601 Křbenhavn V (Křbenhavn Municipality)"",530"
" ,"" "",""1602 Křbenhavn V (Křbenhavn Municipality)"",30"
" ,"" "",""1603 Křbenhavn V (Křbenhavn Municipality)"",72"
" ,"" "",""1605 Křbenhavn V (Křbenhavn Municipality)"",24"
" ,"" "",""1606 Křbenhavn V (Křbenhavn Municipality)"",138"
" ,"" "",""1608 Křbenhavn V (Křbenhavn Municipality)"",27"
" ,"" "",""1609 Křbenhavn V (Křbenhavn Municipality)"",2"
" ,"" "",""1610 Křbenhavn V (Křbenhavn Municipality)"",641"
" ,"" "",""1611 Křbenhavn V (Křbenhavn Municipality)"",0"
" ,"" "",""1614 Křbenhavn V (Křbenhavn Municipality)"",34"
" ,"" "",""1615 Křbenhavn V (Křbenhavn Municipality)"",214"
" ,"" "",""1616 Křbenhavn V (Křbenhavn Municipality)"",119"
" ,"" "",""1617 Křbenhavn V (Křbenhavn Municipality)"",154"
" ,"" "",""1618 Křbenhavn V (Křbenhavn Municipality)"",268"
" ,"" "",""1619 Křbenhavn V (Křbenhavn Municipality)"",137"
" ,"" "",""1620 Křbenhavn V (Křbenhavn Municipality)"",3174"
" ,"" "",""1621 Křbenhavn V (Křbenhavn Municipality)"",111"
" ,"" "",""1622 Křbenhavn V (Křbenhavn Municipality)"",193"
" ,"" "",""1623 Křbenhavn V (Křbenhavn Municipality)"",125"
" ,"" "",""1624 Křbenhavn V (Křbenhavn Municipality)"",161"
" ,"" "",""1631 Křbenhavn V (Křbenhavn Municipality)"",197"
" ,"" "",""1632 Křbenhavn V (Křbenhavn Municipality)"",144"
" ,"" "",""1633 Křbenhavn V (Křbenhavn Municipality)"",105"
" ,"" "",""1634 Křbenhavn V (Křbenhavn Municipality)"",171"
" ,"" "",""1635 Křbenhavn V (Křbenhavn Municipality)"",149"
" ,"" "",""1650 Křbenhavn V (Křbenhavn Municipality)"",1531"
" ,"" "",""1651 Křbenhavn V (Křbenhavn Municipality)"",347"
" ,"" "",""1652 Křbenhavn V (Křbenhavn Municipality)"",267"
" ,"" "",""1653 Křbenhavn V (Křbenhavn Municipality)"",249"
" ,"" "",""1654 Křbenhavn V (Křbenhavn Municipality)"",422"
" ,"" "",""1655 Křbenhavn V (Křbenhavn Municipality)"",523"
" ,"" "",""1656 Křbenhavn V (Křbenhavn Municipality)"",680"
" ,"" "",""1657 Křbenhavn V (Křbenhavn Municipality)"",515"
" ,"" "",""1658 Křbenhavn V (Křbenhavn Municipality)"",877"
" ,"" "",""1659 Křbenhavn V (Křbenhavn Municipality)"",47"
" ,"" "",""1660 Křbenhavn V (Křbenhavn Municipality)"",713"
" ,"" "",""1661 Křbenhavn V (Křbenhavn Municipality)"",439"
" ,"" "",""1662 Křbenhavn V (Křbenhavn Municipality)"",970"
" ,"" "",""1663 Křbenhavn V (Křbenhavn Municipality)"",1553"
" ,"" "",""1664 Křbenhavn V (Křbenhavn Municipality)"",104"
" ,"" "",""1665 Křbenhavn V (Křbenhavn Municipality)"",1259"
" ,"" "",""1666 Křbenhavn V (Křbenhavn Municipality)"",709"
" ,"" "",""1667 Křbenhavn V (Křbenhavn Municipality)"",162"
" ,"" "",""1668 Křbenhavn V (Křbenhavn Municipality)"",444"
" ,"" "",""1669 Křbenhavn V (Křbenhavn Municipality)"",756"
" ,"" "",""1670 Křbenhavn V (Křbenhavn Municipality)"",410"
" ,"" "",""1671 Křbenhavn V (Křbenhavn Municipality)"",539"
" ,"" "",""1672 Křbenhavn V (Křbenhavn Municipality)"",154"
" ,"" "",""1673 Křbenhavn V (Křbenhavn Municipality)"",143"
" ,"" "",""1674 Křbenhavn V (Křbenhavn Municipality)"",1262"
" ,"" "",""1675 Křbenhavn V (Křbenhavn Municipality)"",120"
" ,"" "",""1676 Křbenhavn V (Křbenhavn Municipality)"",355"
" ,"" "",""1677 Křbenhavn V (Křbenhavn Municipality)"",142"
" ,"" "",""1700 Křbenhavn V (Křbenhavn Municipality)"",580"
" ,"" "",""1701 Křbenhavn V (Křbenhavn Municipality)"",117"
" ,"" "",""1702 Křbenhavn V (Křbenhavn Municipality)"",142"
" ,"" "",""1703 Křbenhavn V (Křbenhavn Municipality)"",189"
" ,"" "",""1704 Křbenhavn V (Křbenhavn Municipality)"",119"
" ,"" "",""1705 Křbenhavn V (Křbenhavn Municipality)"",950"
" ,"" "",""1706 Křbenhavn V (Křbenhavn Municipality)"",138"
" ,"" "",""1707 Křbenhavn V (Křbenhavn Municipality)"",65"
" ,"" "",""1708 Křbenhavn V (Křbenhavn Municipality)"",198"
" ,"" "",""1709 Křbenhavn V (Křbenhavn Municipality)"",691"
" ,"" "",""1710 Křbenhavn V (Křbenhavn Municipality)"",21"
" ,"" "",""1715 Křbenhavn V (Křbenhavn Municipality)"",0"
" ,"" "",""1717 Křbenhavn V (Křbenhavn Municipality)"",240"
" ,"" "",""1718 Křbenhavn V (Křbenhavn Municipality)"",635"
" ,"" "",""1719 Křbenhavn V (Křbenhavn Municipality)"",599"
" ,"" "",""1720 Křbenhavn V (Křbenhavn Municipality)"",1970"
" ,"" "",""1721 Křbenhavn V (Křbenhavn Municipality)"",896"
" ,"" "",""1722 Křbenhavn V (Křbenhavn Municipality)"",496"
" ,"" "",""1723 Křbenhavn V (Křbenhavn Municipality)"",101"
" ,"" "",""1724 Křbenhavn V (Křbenhavn Municipality)"",113"
" ,"" "",""1725 Křbenhavn V (Křbenhavn Municipality)"",350"
" ,"" "",""1726 Křbenhavn V (Křbenhavn Municipality)"",457"
" ,"" "",""1727 Křbenhavn V (Křbenhavn Municipality)"",366"
" ,"" "",""1728 Křbenhavn V (Křbenhavn Municipality)"",274"
" ,"" "",""1729 Křbenhavn V (Křbenhavn Municipality)"",212"
" ,"" "",""1730 Křbenhavn V (Křbenhavn Municipality)"",171"
" ,"" "",""1731 Křbenhavn V (Křbenhavn Municipality)"",90"
" ,"" "",""1732 Křbenhavn V (Křbenhavn Municipality)"",116"
" ,"" "",""1733 Křbenhavn V (Křbenhavn Municipality)"",115"
" ,"" "",""1734 Křbenhavn V (Křbenhavn Municipality)"",119"
" ,"" "",""1735 Křbenhavn V (Křbenhavn Municipality)"",207"
" ,"" "",""1736 Křbenhavn V (Křbenhavn Municipality)"",183"
" ,"" "",""1737 Křbenhavn V (Křbenhavn Municipality)"",248"
" ,"" "",""1738 Křbenhavn V (Křbenhavn Municipality)"",230"
" ,"" "",""1739 Křbenhavn V (Křbenhavn Municipality)"",92"
" ,"" "",""1748 Křbenhavn V (Křbenhavn Municipality)"",0"
" ,"" "",""1749 Křbenhavn V (Křbenhavn Municipality)"",219"
" ,"" "",""1750 Křbenhavn V (Křbenhavn Municipality)"",840"
" ,"" "",""1751 Křbenhavn V (Křbenhavn Municipality)"",433"
" ,"" "",""1752 Křbenhavn V (Křbenhavn Municipality)"",320"
" ,"" "",""1753 Křbenhavn V (Křbenhavn Municipality)"",80"
" ,"" "",""1754 Křbenhavn V (Křbenhavn Municipality)"",566"
" ,"" "",""1755 Křbenhavn V (Křbenhavn Municipality)"",100"
" ,"" "",""1756 Křbenhavn V (Křbenhavn Municipality)"",403"
" ,"" "",""1757 Křbenhavn V (Křbenhavn Municipality)"",180"
" ,"" "",""1758 Křbenhavn V (Křbenhavn Municipality)"",330"
" ,"" "",""1759 Křbenhavn V (Křbenhavn Municipality)"",27"
" ,"" "",""1760 Křbenhavn V (Křbenhavn Municipality)"",652"
" ,"" "",""1761 Křbenhavn V (Křbenhavn Municipality)"",373"
" ,"" "",""1762 Křbenhavn V (Křbenhavn Municipality)"",403"
" ,"" "",""1763 Křbenhavn V (Křbenhavn Municipality)"",547"
" ,"" "",""1764 Křbenhavn V (Křbenhavn Municipality)"",269"
" ,"" "",""1765 Křbenhavn V (Křbenhavn Municipality)"",164"
" ,"" "",""1766 Křbenhavn V (Křbenhavn Municipality)"",47"
" ,"" "",""1770 Křbenhavn V (Křbenhavn Municipality)"",184"
" ,"" "",""1771 Křbenhavn V (Křbenhavn Municipality)"",49"
" ,"" "",""1772 Křbenhavn V (Křbenhavn Municipality)"",53"
" ,"" "",""1773 Křbenhavn V (Křbenhavn Municipality)"",55"
" ,"" "",""1774 Křbenhavn V (Křbenhavn Municipality)"",129"
" ,"" "",""1775 Křbenhavn V (Křbenhavn Municipality)"",51"
" ,"" "",""1777 Křbenhavn V (Křbenhavn Municipality)"",124"
" ,"" "",""1799 Křbenhavn V (Křbenhavn Municipality)"",5894"
" ,"" "",""1800 Frederiksberg C (Frederiksberg Municipality)"",722"
" ,"" "",""1801 Frederiksberg C (Frederiksberg Municipality)"",385"
" ,"" "",""1802 Frederiksberg C (Frederiksberg Municipality)"",242"
" ,"" "",""1803 Frederiksberg C (Frederiksberg Municipality)"",93"
" ,"" "",""1804 Frederiksberg C (Frederiksberg Municipality)"",272"
" ,"" "",""1805 Frederiksberg C (Frederiksberg Municipality)"",25"
" ,"" "",""1806 Frederiksberg C (Frederiksberg Municipality)"",185"
" ,"" "",""1807 Frederiksberg C (Frederiksberg Municipality)"",204"
" ,"" "",""1808 Frederiksberg C (Frederiksberg Municipality)"",119"
" ,"" "",""1809 Frederiksberg C (Frederiksberg Municipality)"",228"
" ,"" "",""1810 Frederiksberg C (Frederiksberg Municipality)"",752"
" ,"" "",""1811 Frederiksberg C (Frederiksberg Municipality)"",53"
" ,"" "",""1812 Frederiksberg C (Frederiksberg Municipality)"",456"
" ,"" "",""1813 Frederiksberg C (Frederiksberg Municipality)"",588"
" ,"" "",""1814 Frederiksberg C (Frederiksberg Municipality)"",439"
" ,"" "",""1815 Frederiksberg C (Frederiksberg Municipality)"",234"
" ,"" "",""1816 Frederiksberg C (Frederiksberg Municipality)"",160"
" ,"" "",""1817 Frederiksberg C (Frederiksberg Municipality)"",450"
" ,"" "",""1818 Frederiksberg C (Frederiksberg Municipality)"",134"
" ,"" "",""1819 Frederiksberg C (Frederiksberg Municipality)"",159"
" ,"" "",""1820 Frederiksberg C (Frederiksberg Municipality)"",1349"
" ,"" "",""1822 Frederiksberg C (Frederiksberg Municipality)"",84"
" ,"" "",""1823 Frederiksberg C (Frederiksberg Municipality)"",72"
" ,"" "",""1824 Frederiksberg C (Frederiksberg Municipality)"",351"
" ,"" "",""1825 Frederiksberg C (Frederiksberg Municipality)"",119"
" ,"" "",""1826 Frederiksberg C (Frederiksberg Municipality)"",183"
" ,"" "",""1827 Frederiksberg C (Frederiksberg Municipality)"",346"
" ,"" "",""1828 Frederiksberg C (Frederiksberg Municipality)"",274"
" ,"" "",""1829 Frederiksberg C (Frederiksberg Municipality)"",328"
" ,"" "",""1850 Frederiksberg C (Frederiksberg Municipality)"",1812"
" ,"" "",""1851 Frederiksberg C (Frederiksberg Municipality)"",408"
" ,"" "",""1852 Frederiksberg C (Frederiksberg Municipality)"",193"
" ,"" "",""1853 Frederiksberg C (Frederiksberg Municipality)"",345"
" ,"" "",""1854 Frederiksberg C (Frederiksberg Municipality)"",279"
" ,"" "",""1855 Frederiksberg C (Frederiksberg Municipality)"",415"
" ,"" "",""1856 Frederiksberg C (Frederiksberg Municipality)"",112"
" ,"" "",""1857 Frederiksberg C (Frederiksberg Municipality)"",57"
" ,"" "",""1860 Frederiksberg C (Frederiksberg Municipality)"",230"
" ,"" "",""1861 Frederiksberg C (Frederiksberg Municipality)"",188"
" ,"" "",""1862 Frederiksberg C (Frederiksberg Municipality)"",135"
" ,"" "",""1863 Frederiksberg C (Frederiksberg Municipality)"",95"
" ,"" "",""1864 Frederiksberg C (Frederiksberg Municipality)"",618"
" ,"" "",""1865 Frederiksberg C (Frederiksberg Municipality)"",67"
" ,"" "",""1866 Frederiksberg C (Frederiksberg Municipality)"",184"
" ,"" "",""1867 Frederiksberg C (Frederiksberg Municipality)"",19"
" ,"" "",""1868 Frederiksberg C (Frederiksberg Municipality)"",264"
" ,"" "",""1870 Frederiksberg C (Frederiksberg Municipality)"",1058"
" ,"" "",""1871 Frederiksberg C (Frederiksberg Municipality)"",634"
" ,"" "",""1872 Frederiksberg C (Frederiksberg Municipality)"",82"
" ,"" "",""1873 Frederiksberg C (Frederiksberg Municipality)"",32"
" ,"" "",""1874 Frederiksberg C (Frederiksberg Municipality)"",454"
" ,"" "",""1875 Frederiksberg C (Frederiksberg Municipality)"",239"
" ,"" "",""1876 Frederiksberg C (Frederiksberg Municipality)"",98"
" ,"" "",""1877 Frederiksberg C (Frederiksberg Municipality)"",47"
" ,"" "",""1878 Frederiksberg C (Frederiksberg Municipality)"",94"
" ,"" "",""1879 Frederiksberg C (Frederiksberg Municipality)"",1521"
" ,"" "",""1900 Frederiksberg C (Frederiksberg Municipality)"",966"
" ,"" "",""1901 Frederiksberg C (Frederiksberg Municipality)"",33"
" ,"" "",""1902 Frederiksberg C (Frederiksberg Municipality)"",830"
" ,"" "",""1903 Frederiksberg C (Frederiksberg Municipality)"",335"
" ,"" "",""1904 Frederiksberg C (Frederiksberg Municipality)"",767"
" ,"" "",""1905 Frederiksberg C (Frederiksberg Municipality)"",246"
" ,"" "",""1906 Frederiksberg C (Frederiksberg Municipality)"",138"
" ,"" "",""1908 Frederiksberg C (Frederiksberg Municipality)"",292"
" ,"" "",""1909 Frederiksberg C (Frederiksberg Municipality)"",774"
" ,"" "",""1910 Frederiksberg C (Frederiksberg Municipality)"",257"
" ,"" "",""1911 Frederiksberg C (Frederiksberg Municipality)"",402"
" ,"" "",""1912 Frederiksberg C (Frederiksberg Municipality)"",270"
" ,"" "",""1913 Frederiksberg C (Frederiksberg Municipality)"",220"
" ,"" "",""1914 Frederiksberg C (Frederiksberg Municipality)"",148"
" ,"" "",""1915 Frederiksberg C (Frederiksberg Municipality)"",337"
" ,"" "",""1916 Frederiksberg C (Frederiksberg Municipality)"",165"
" ,"" "",""1917 Frederiksberg C (Frederiksberg Municipality)"",119"
" ,"" "",""1920 Frederiksberg C (Frederiksberg Municipality)"",512"
" ,"" "",""1921 Frederiksberg C (Frederiksberg Municipality)"",75"
" ,"" "",""1922 Frederiksberg C (Frederiksberg Municipality)"",96"
" ,"" "",""1923 Frederiksberg C (Frederiksberg Municipality)"",227"
" ,"" "",""1924 Frederiksberg C (Frederiksberg Municipality)"",177"
" ,"" "",""1925 Frederiksberg C (Frederiksberg Municipality)"",37"
" ,"" "",""1926 Frederiksberg C (Frederiksberg Municipality)"",37"
" ,"" "",""1927 Frederiksberg C (Frederiksberg Municipality)"",63"
" ,"" "",""1928 Frederiksberg C (Frederiksberg Municipality)"",14"
" ,"" "",""1950 Frederiksberg C (Frederiksberg Municipality)"",472"
" ,"" "",""1951 Frederiksberg C (Frederiksberg Municipality)"",166"
" ,"" "",""1952 Frederiksberg C (Frederiksberg Municipality)"",324"
" ,"" "",""1953 Frederiksberg C (Frederiksberg Municipality)"",415"
" ,"" "",""1954 Frederiksberg C (Frederiksberg Municipality)"",1166"
" ,"" "",""1955 Frederiksberg C (Frederiksberg Municipality)"",371"
" ,"" "",""1956 Frederiksberg C (Frederiksberg Municipality)"",376"
" ,"" "",""1957 Frederiksberg C (Frederiksberg Municipality)"",380"
" ,"" "",""1958 Frederiksberg C (Frederiksberg Municipality)"",310"
" ,"" "",""1959 Frederiksberg C (Frederiksberg Municipality)"",80"
" ,"" "",""1960 Frederiksberg C (Frederiksberg Municipality)"",591"
" ,"" "",""1961 Frederiksberg C (Frederiksberg Municipality)"",404"
" ,"" "",""1962 Frederiksberg C (Frederiksberg Municipality)"",229"
" ,"" "",""1963 Frederiksberg C (Frederiksberg Municipality)"",157"
" ,"" "",""1964 Frederiksberg C (Frederiksberg Municipality)"",455"
" ,"" "",""1965 Frederiksberg C (Frederiksberg Municipality)"",78"
" ,"" "",""1966 Frederiksberg C (Frederiksberg Municipality)"",251"
" ,"" "",""1967 Frederiksberg C (Frederiksberg Municipality)"",210"
" ,"" "",""1970 Frederiksberg C (Frederiksberg Municipality)"",523"
" ,"" "",""1971 Frederiksberg C (Frederiksberg Municipality)"",145"
" ,"" "",""1972 Frederiksberg C (Frederiksberg Municipality)"",380"
" ,"" "",""1973 Frederiksberg C (Frederiksberg Municipality)"",311"
" ,"" "",""1974 Frederiksberg C (Frederiksberg Municipality)"",24"
" ,"" "",""2000 Frederiksberg (Křbenhavn Municipality, Frederiksberg Municipality)"",71564"
" ,"" "",""2100 Křbenhavn Ř (Křbenhavn Municipality)"",92234"
" ,"" "",""2150 Nordhavn (Křbenhavn Municipality)"",4096"
" ,"" "",""2200 Křbenhavn N (Křbenhavn Municipality, Frederiksberg Municipality)"",77456"
" ,"" "",""2300 Křbenhavn S (Křbenhavn Municipality, Tĺrnby Municipality)"",155509"
" ,"" "",""2400 Křbenhavn NV (Křbenhavn Municipality)"",54596"
" ,"" "",""2450 Křbenhavn SV (Křbenhavn Municipality)"",39452"
" ,"" "",""2500 Valby (Křbenhavn Municipality)"",65427"
" ,"" "",""2600 Glostrup (Glostrup Municipality, Albertslund Municipality)"",29065"
" ,"" "",""2605 Brřndby (Brřndby Municipality, Glostrup Municipality)"",26655"
" ,"" "",""2610 Rřdovre (Křbenhavn Municipality, Hvidovre Municipality, Rřdovre Municipality)"",45619"
" ,"" "",""2620 Albertslund (Albertslund Municipality)"",25946"
" ,"" "",""2625 Vallensbćk (Vallensbćk Municipality)"",6523"
" ,"" "",""2630 Taastrup (Hřje-Taastrup Municipality)"",40801"
" ,"" "",""2635 Ishřj (Ishřj Municipality)"",24608"
" ,"" "",""2640 Hedehusene (Hřje-Taastrup Municipality, Ishřj Municipality, Greve Municipality, Roskilde Municipality)"",19646"
" ,"" "",""2650 Hvidovre (Brřndby Municipality, Hvidovre Municipality)"",53658"
" ,"" "",""2660 Brřndby Strand (Brřndby Municipality, Hvidovre Municipality)"",14257"
" ,"" "",""2665 Vallensbćk Strand (Vallensbćk Municipality)"",12166"
" ,"" "",""2670 Greve (Greve Municipality)"",38700"
" ,"" "",""2680 Solrřd Strand (Solrřd Municipality)"",19405"
" ,"" "",""2690 Karlslunde (Greve Municipality, Solrřd Municipality)"",9647"
" ,"" "",""2700 Brřnshřj (Křbenhavn Municipality)"",46484"
" ,"" "",""2720 Vanlřse (Křbenhavn Municipality, Frederiksberg Municipality)"",33191"
" ,"" "",""2730 Herlev (Ballerup Municipality, Gladsaxe Municipality, Herlev Municipality)"",32105"
" ,"" "",""2740 Skovlunde (Ballerup Municipality, Herlev Municipality)"",14017"
" ,"" "",""2750 Ballerup (Ballerup Municipality, Albertslund Municipality, Egedal Municipality)"",33965"
" ,"" "",""2760 Mĺlřv (Ballerup Municipality)"",5582"
" ,"" "",""2765 Smřrum (Egedal Municipality)"",12554"
" ,"" "",""2770 Kastrup (Křbenhavn Municipality, Tĺrnby Municipality)"",41275"
" ,"" "",""2791 Dragřr (Dragřr Municipality, Tĺrnby Municipality)"",17389"
" ,"" "",""2800 Kgs. Lyngby (Gentofte Municipality, Gladsaxe Municipality, Lyngby-Taarbćk Municipality, Rudersdal Municipality)"",43782"
" ,"" "",""2820 Gentofte (Gentofte Municipality, Gladsaxe Municipality)"",23692"
" ,"" "",""2830 Virum (Lyngby-Taarbćk Municipality, Rudersdal Municipality)"",22007"
" ,"" "",""2840 Holte (Lyngby-Taarbćk Municipality, Rudersdal Municipality)"",15675"
" ,"" "",""2850 Nćrum (Rudersdal Municipality)"",7957"
" ,"" "",""2860 Sřborg (Křbenhavn Municipality, Gladsaxe Municipality)"",44197"
" ,"" "",""2870 Dyssegĺrd (Gentofte Municipality)"",6232"
" ,"" "",""2880 Bagsvćrd (Gladsaxe Municipality, Herlev Municipality, Furesř Municipality)"",18609"
" ,"" "",""2900 Hellerup (Křbenhavn Municipality, Gentofte Municipality)"",24762"
" ,"" "",""2920 Charlottenlund (Gentofte Municipality)"",21494"
" ,"" "",""2930 Klampenborg (Gentofte Municipality, Lyngby-Taarbćk Municipality)"",4385"
" ,"" "",""2942 Skodsborg (Rudersdal Municipality)"",1718"
" ,"" "",""2950 Vedbćk (Hřrsholm Municipality, Rudersdal Municipality)"",8734"
" ,"" "",""2960 Rungsted Kyst (Hřrsholm Municipality)"",5828"
" ,"" "",""2970 Hřrsholm (Fredensborg Municipality, Hřrsholm Municipality, Rudersdal Municipality)"",20792"
" ,"" "",""2980 Kokkedal (Fredensborg Municipality, Hřrsholm Municipality)"",11445"
" ,"" "",""2990 Nivĺ (Fredensborg Municipality)"",9359"
" ,"" "",""3000 Helsingřr (Helsingřr Municipality)"",31327"
" ,"" "",""3050 Humlebćk (Fredensborg Municipality, Helsingřr Municipality)"",9781"
" ,"" "",""3060 Espergćrde (Fredensborg Municipality, Helsingřr Municipality)"",12757"
" ,"" "",""3070 Snekkersten (Helsingřr Municipality)"",5346"
" ,"" "",""3080 Tikřb (Helsingřr Municipality)"",1466"
" ,"" "",""3100 Hornbćk (Helsingřr Municipality, Gribskov Municipality)"",5477"
" ,"" "",""3120 Dronningmřlle (Gribskov Municipality)"",1332"
" ,"" "",""3140 Ĺlsgĺrde (Helsingřr Municipality)"",5226"
" ,"" "",""3150 Hellebćk (Helsingřr Municipality)"",801"
" ,"" "",""3200 Helsinge (Hillerřd Municipality, Gribskov Municipality)"",16678"
" ,"" "",""3210 Vejby (Gribskov Municipality)"",2955"
" ,"" "",""3220 Tisvildeleje (Gribskov Municipality)"",1556"
" ,"" "",""3230 Grćsted (Helsingřr Municipality, Hillerřd Municipality, Gribskov Municipality)"",9594"
" ,"" "",""3250 Gilleleje (Gribskov Municipality)"",9409"
" ,"" "",""3300 Frederiksvćrk (Halsnćs Municipality, Gribskov Municipality)"",16195"
" ,"" "",""3310 Řlsted (Hillerřd Municipality, Halsnćs Municipality)"",3393"
" ,"" "",""3320 Skćvinge (Hillerřd Municipality, Halsnćs Municipality)"",5671"
" ,"" "",""3330 Gřrlřse (Hillerřd Municipality)"",1579"
" ,"" "",""3360 Liseleje (Halsnćs Municipality)"",1336"
" ,"" "",""3370 Melby (Halsnćs Municipality)"",1575"
" ,"" "",""3390 Hundested (Halsnćs Municipality)"",9631"
" ,"" "",""3400 Hillerřd (Allerřd Municipality, Fredensborg Municipality, Hillerřd Municipality)"",44105"
" ,"" "",""3450 Allerřd (Allerřd Municipality, Fredensborg Municipality, Hillerřd Municipality)"",21035"
" ,"" "",""3460 Birkerřd (Furesř Municipality, Allerřd Municipality, Rudersdal Municipality)"",22470"
" ,"" "",""3480 Fredensborg (Fredensborg Municipality, Helsingřr Municipality, Hillerřd Municipality)"",13329"
" ,"" "",""3490 Kvistgĺrd (Fredensborg Municipality, Helsingřr Municipality)"",1798"
" ,"" "",""3500 Vćrlřse (Ballerup Municipality, Gladsaxe Municipality, Lyngby-Taarbćk Municipality, Furesř Municipality, Egedal Municipality)"",22032"
" ,"" "",""3520 Farum (Furesř Municipality, Allerřd Municipality, Egedal Municipality)"",20909"
" ,"" "",""3540 Lynge (Furesř Municipality, Allerřd Municipality, Hillerřd Municipality, Egedal Municipality)"",5400"
" ,"" "",""3550 Slangerup (Allerřd Municipality, Hillerřd Municipality, Egedal Municipality, Frederikssund Municipality)"",10113"
" ,"" "",""3600 Frederikssund (Hillerřd Municipality, Frederikssund Municipality, Halsnćs Municipality)"",22583"
" ,"" "",""3630 Jćgerspris (Frederikssund Municipality)"",9524"
" ,"" "",""3650 Řlstykke (Egedal Municipality, Frederikssund Municipality)"",18067"
" ,"" "",""3660 Stenlřse (Egedal Municipality)"",12360"
" ,"" "",""3670 Veksř Sjćlland (Egedal Municipality, Roskilde Municipality)"",2847"
" ,"" "",""3700 Rřnne (Bornholm Municipality)"",17141"
" ,"" "",""3720 Aakirkeby (Bornholm Municipality)"",4736"
" ,"" "",""3730 Nexř (Bornholm Municipality)"",5660"
" ,"" "",""3740 Svaneke (Bornholm Municipality)"",1864"
" ,"" "",""3751 Řstermarie (Bornholm Municipality)"",1270"
" ,"" "",""3760 Gudhjem (Bornholm Municipality, Christiansř Municipality)"",2040"
" ,"" "",""3770 Allinge (Bornholm Municipality)"",2617"
" ,"" "",""3782 Klemensker (Bornholm Municipality)"",1110"
" ,"" "",""3790 Hasle (Bornholm Municipality)"",2331"
" ,"" "",""4000 Roskilde (Hřje-Taastrup Municipality, Greve Municipality, Křge Municipality, Roskilde Municipality, Lejre Municipality)"",75124"
" ,"" "",""4030 Tune (Greve Municipality, Roskilde Municipality)"",5910"
" ,"" "",""4040 Jyllinge (Roskilde Municipality)"",10941"
" ,"" "",""4050 Skibby (Frederikssund Municipality)"",7238"
" ,"" "",""4060 Kirke Sĺby (Lejre Municipality)"",4015"
" ,"" "",""4070 Kirke Hyllinge (Lejre Municipality)"",8202"
" ,"" "",""4100 Ringsted (Křge Municipality, Holbćk Municipality, Faxe Municipality, Ringsted Municipality, Sorř Municipality, Nćstved Municipality)"",34715"
" ,"" "",""4130 Viby Sjćlland (Křge Municipality, Roskilde Municipality)"",6734"
" ,"" "",""4140 Borup (Křge Municipality, Roskilde Municipality, Ringsted Municipality, Lejre Municipality)"",6844"
" ,"" "",""4160 Herlufmagle (Faxe Municipality, Nćstved Municipality)"",4887"
" ,"" "",""4171 Glumsř (Nćstved Municipality)"",3943"
" ,"" "",""4173 Fjenneslev (Ringsted Municipality, Sorř Municipality)"",2163"
" ,"" "",""4174 Jystrup Midtsj (Křge Municipality, Ringsted Municipality)"",1666"
" ,"" "",""4180 Sorř (Ringsted Municipality, Slagelse Municipality, Sorř Municipality)"",16048"
" ,"" "",""4190 Munke Bjergby (Slagelse Municipality, Sorř Municipality)"",902"
" ,"" "",""4200 Slagelse (Kalundborg Municipality, Slagelse Municipality, Sorř Municipality, Nćstved Municipality)"",48123"
" ,"" "",""4220 Korsřr (Slagelse Municipality)"",17082"
" ,"" "",""4230 Skćlskřr (Slagelse Municipality)"",8396"
" ,"" "",""4241 Vemmelev (Slagelse Municipality)"",3404"
" ,"" "",""4242 Boeslunde (Slagelse Municipality)"",1191"
" ,"" "",""4243 Rude (Slagelse Municipality, Nćstved Municipality)"",1130"
" ,"" "",""4244 Agersř (Slagelse Municipality)"",175"
" ,"" "",""4245 Omř (Slagelse Municipality)"",155"
" ,"" "",""4250 Fuglebjerg (Slagelse Municipality, Nćstved Municipality)"",4151"
" ,"" "",""4261 Dalmose (Slagelse Municipality, Nćstved Municipality)"",2033"
" ,"" "",""4262 Sandved (Slagelse Municipality, Nćstved Municipality)"",1985"
" ,"" "",""4270 Hřng (Kalundborg Municipality, Slagelse Municipality)"",6403"
" ,"" "",""4281 Gřrlev (Kalundborg Municipality)"",4937"
" ,"" "",""4291 Ruds Vedby (Kalundborg Municipality, Sorř Municipality)"",2766"
" ,"" "",""4293 Dianalund (Kalundborg Municipality, Sorř Municipality)"",5837"
" ,"" "",""4295 Stenlille (Holbćk Municipality, Sorř Municipality)"",3585"
" ,"" "",""4296 Nyrup (Holbćk Municipality, Sorř Municipality)"",687"
" ,"" "",""4300 Holbćk (Holbćk Municipality)"",37742"
" ,"" "",""4305 Orř (Holbćk Municipality)"",1006"
" ,"" "",""4320 Lejre (Křge Municipality, Roskilde Municipality, Lejre Municipality)"",6819"
" ,"" "",""4330 Hvalsř (Holbćk Municipality, Ringsted Municipality, Lejre Municipality)"",7236"
" ,"" "",""4340 Třllřse (Holbćk Municipality, Lejre Municipality)"",6856"
" ,"" "",""4350 Ugerlřse (Holbćk Municipality)"",1622"
" ,"" "",""4360 Kirke Eskilstrup (Holbćk Municipality, Ringsted Municipality)"",1217"
" ,"" "",""4370 Store Merlřse (Holbćk Municipality, Ringsted Municipality, Sorř Municipality)"",2115"
" ,"" "",""4390 Vipperřd (Holbćk Municipality)"",3870"
" ,"" "",""4400 Kalundborg (Kalundborg Municipality)"",23095"
" ,"" "",""4420 Regstrup (Holbćk Municipality)"",3505"
" ,"" "",""4440 Mřrkřv (Holbćk Municipality)"",4734"
" ,"" "",""4450 Jyderup (Holbćk Municipality, Kalundborg Municipality)"",6249"
" ,"" "",""4460 Snertinge (Holbćk Municipality, Kalundborg Municipality)"",1314"
" ,"" "",""4470 Svebřlle (Holbćk Municipality, Kalundborg Municipality)"",3117"
" ,"" "",""4480 Store Fuglede (Kalundborg Municipality)"",991"
" ,"" "",""4490 Jerslev Sjćlland (Kalundborg Municipality)"",2591"
" ,"" "",""4500 Nykřbing Sj (Odsherred Municipality)"",9108"
" ,"" "",""4520 Svinninge (Holbćk Municipality)"",4609"
" ,"" "",""4532 Gislinge (Holbćk Municipality)"",2147"
" ,"" "",""4534 Hřrve (Odsherred Municipality, Kalundborg Municipality)"",3431"
" ,"" "",""4540 Fĺrevejle (Odsherred Municipality)"",3660"
" ,"" "",""4550 Asnćs (Odsherred Municipality)"",4038"
" ,"" "",""4560 Vig (Odsherred Municipality)"",3593"
" ,"" "",""4571 Grevinge (Odsherred Municipality)"",2297"
" ,"" "",""4572 Nřrre Asmindrup (Odsherred Municipality)"",1064"
" ,"" "",""4573 Hřjby (Odsherred Municipality)"",2443"
" ,"" "",""4581 Rřrvig (Odsherred Municipality)"",1222"
" ,"" "",""4583 Sjćllands Odde (Odsherred Municipality)"",1129"
" ,"" "",""4591 Fřllenslev (Odsherred Municipality, Kalundborg Municipality)"",1637"
" ,"" "",""4592 Sejerř (Kalundborg Municipality)"",291"
" ,"" "",""4593 Eskebjerg (Kalundborg Municipality)"",1242"
" ,"" "",""4600 Křge (Křge Municipality, Stevns Municipality)"",41598"
" ,"" "",""4621 Gadstrup (Roskilde Municipality)"",3482"
" ,"" "",""4622 Havdrup (Roskilde Municipality, Solrřd Municipality)"",5516"
" ,"" "",""4623 Lille Skensved (Křge Municipality, Roskilde Municipality, Solrřd Municipality)"",5652"
" ,"" "",""4632 Bjćverskov (Křge Municipality)"",5639"
" ,"" "",""4640 Faxe (Faxe Municipality, Nćstved Municipality)"",6584"
" ,"" "",""4652 Hĺrlev (Faxe Municipality, Stevns Municipality)"",5432"
" ,"" "",""4653 Karise (Faxe Municipality, Stevns Municipality)"",3724"
" ,"" "",""4654 Faxe Ladeplads (Faxe Municipality)"",3143"
" ,"" "",""4660 Store Heddinge (Stevns Municipality)"",6736"
" ,"" "",""4671 Strřby (Stevns Municipality)"",2189"
" ,"" "",""4672 Klippinge (Stevns Municipality)"",1369"
" ,"" "",""4673 Rřdvig Stevns (Stevns Municipality)"",2639"
" ,"" "",""4681 Herfřlge (Křge Municipality)"",6370"
" ,"" "",""4682 Tureby (Křge Municipality, Faxe Municipality, Stevns Municipality)"",2154"
" ,"" "",""4683 Rřnnede (Faxe Municipality, Nćstved Municipality)"",3933"
" ,"" "",""4684 Holmegaard (Faxe Municipality, Nćstved Municipality)"",8444"
" ,"" "",""4690 Haslev (Faxe Municipality, Ringsted Municipality, Nćstved Municipality)"",20365"
" ,"" "",""4700 Nćstved (Nćstved Municipality)"",55247"
" ,"" "",""4720 Prćstř (Vordingborg Municipality)"",7278"
" ,"" "",""4733 Tappernřje (Faxe Municipality, Nćstved Municipality, Vordingborg Municipality)"",3562"
" ,"" "",""4735 Mern (Vordingborg Municipality)"",1935"
" ,"" "",""4736 Karrebćksminde (Nćstved Municipality)"",2394"
" ,"" "",""4750 Lundby (Nćstved Municipality, Vordingborg Municipality)"",3346"
" ,"" "",""4760 Vordingborg (Vordingborg Municipality)"",18548"
" ,"" "",""4771 Kalvehave (Vordingborg Municipality)"",1367"
" ,"" "",""4772 Langebćk (Vordingborg Municipality)"",684"
" ,"" "",""4773 Stensved (Vordingborg Municipality)"",1808"
" ,"" "",""4780 Stege (Vordingborg Municipality)"",6567"
" ,"" "",""4791 Borre (Vordingborg Municipality)"",960"
" ,"" "",""4792 Askeby (Vordingborg Municipality)"",1359"
" ,"" "",""4793 Bogř By (Vordingborg Municipality)"",1179"
" ,"" "",""4800 Nykřbing F (Guldborgsund Municipality)"",26266"
" ,"" "",""4840 Nřrre Alslev (Guldborgsund Municipality)"",5526"
" ,"" "",""4850 Stubbekřbing (Guldborgsund Municipality)"",3557"
" ,"" "",""4862 Guldborg (Guldborgsund Municipality)"",1094"
" ,"" "",""4863 Eskilstrup (Guldborgsund Municipality)"",2261"
" ,"" "",""4871 Horbelev (Guldborgsund Municipality)"",1222"
" ,"" "",""4872 Idestrup (Guldborgsund Municipality)"",1587"
" ,"" "",""4873 Vćggerlřse (Guldborgsund Municipality)"",3126"
" ,"" "",""4874 Gedser (Guldborgsund Municipality)"",1132"
" ,"" "",""4880 Nysted (Guldborgsund Municipality)"",2108"
" ,"" "",""4891 Toreby L (Guldborgsund Municipality)"",1564"
" ,"" "",""4892 Kettinge (Guldborgsund Municipality)"",1387"
" ,"" "",""4894 Řster Ulslev (Lolland Municipality, Guldborgsund Municipality)"",765"
" ,"" "",""4895 Errindlev (Lolland Municipality)"",508"
" ,"" "",""4900 Nakskov (Lolland Municipality)"",14505"
" ,"" "",""4912 Harpelunde (Lolland Municipality)"",570"
" ,"" "",""4913 Horslunde (Lolland Municipality)"",1576"
" ,"" "",""4920 Sřllested (Lolland Municipality)"",2108"
" ,"" "",""4930 Maribo (Lolland Municipality, Guldborgsund Municipality)"",7844"
" ,"" "",""4941 Bandholm (Lolland Municipality)"",746"
" ,"" "",""4942 Askř (Lolland Municipality)"",46"
" ,"" "",""4943 Torrig L (Lolland Municipality)"",417"
" ,"" "",""4944 Fejř (Lolland Municipality)"",428"
" ,"" "",""4945 Femř (Lolland Municipality)"",107"
" ,"" "",""4951 Nřrreballe (Lolland Municipality)"",604"
" ,"" "",""4952 Stokkemarke (Lolland Municipality)"",786"
" ,"" "",""4953 Vesterborg (Lolland Municipality)"",388"
" ,"" "",""4960 Holeby (Lolland Municipality)"",1986"
" ,"" "",""4970 Rřdby (Lolland Municipality)"",4785"
" ,"" "",""4983 Dannemare (Lolland Municipality)"",1108"
" ,"" "",""4990 Sakskřbing (Guldborgsund Municipality)"",7300"
" ,"" "",""5000 Odense C (Odense Municipality)"",58234"
" ,"" "",""5200 Odense V (Odense Municipality)"",13568"
" ,"" "",""5210 Odense NV (Odense Municipality)"",18092"
" ,"" "",""5220 Odense SŘ (Odense Municipality)"",18561"
" ,"" "",""5230 Odense M (Odense Municipality)"",20702"
" ,"" "",""5240 Odense NŘ (Odense Municipality)"",14759"
" ,"" "",""5250 Odense SV (Odense Municipality)"",25422"
" ,"" "",""5260 Odense S (Odense Municipality)"",19184"
" ,"" "",""5270 Odense N (Odense Municipality, Nordfyns Municipality)"",18809"
" ,"" "",""5290 Marslev (Kerteminde Municipality)"",1302"
" ,"" "",""5300 Kerteminde (Kerteminde Municipality)"",8144"
" ,"" "",""5320 Agedrup (Odense Municipality)"",4124"
" ,"" "",""5330 Munkebo (Kerteminde Municipality, Odense Municipality)"",5919"
" ,"" "",""5350 Rynkeby (Kerteminde Municipality)"",876"
" ,"" "",""5370 Mesinge (Kerteminde Municipality)"",922"
" ,"" "",""5380 Dalby (Kerteminde Municipality)"",510"
" ,"" "",""5390 Martofte (Kerteminde Municipality)"",433"
" ,"" "",""5400 Bogense (Nordfyns Municipality)"",6466"
" ,"" "",""5450 Otterup (Nordfyns Municipality)"",10797"
" ,"" "",""5462 Morud (Nordfyns Municipality)"",2830"
" ,"" "",""5463 Harndrup (Middelfart Municipality)"",1433"
" ,"" "",""5464 Brenderup Fyn (Middelfart Municipality)"",2348"
" ,"" "",""5466 Asperup (Middelfart Municipality)"",1705"
" ,"" "",""5471 Sřndersř (Nordfyns Municipality)"",6983"
" ,"" "",""5474 Veflinge (Nordfyns Municipality)"",1221"
" ,"" "",""5485 Skamby (Nordfyns Municipality)"",763"
" ,"" "",""5491 Blommenslyst (Odense Municipality, Nordfyns Municipality)"",1328"
" ,"" "",""5492 Vissenbjerg (Assens Municipality, Odense Municipality, Nordfyns Municipality)"",5898"
" ,"" "",""5500 Middelfart (Middelfart Municipality)"",24636"
" ,"" "",""5540 Ullerslev (Kerteminde Municipality, Nyborg Municipality)"",5161"
" ,"" "",""5550 Langeskov (Faaborg-Midtfyn Municipality, Kerteminde Municipality, Nyborg Municipality)"",6311"
" ,"" "",""5560 Aarup (Middelfart Municipality, Assens Municipality, Nordfyns Municipality)"",5837"
" ,"" "",""5580 Nřrre Aaby (Middelfart Municipality)"",4395"
" ,"" "",""5591 Gelsted (Middelfart Municipality)"",2512"
" ,"" "",""5592 Ejby (Middelfart Municipality)"",3394"
" ,"" "",""5600 Faaborg (Faaborg-Midtfyn Municipality)"",14087"
" ,"" "",""5601 Lyř (Faaborg-Midtfyn Municipality)"",104"
" ,"" "",""5602 Avernakř (Faaborg-Midtfyn Municipality)"",102"
" ,"" "",""5603 Bjřrnř (Faaborg-Midtfyn Municipality)"",26"
" ,"" "",""5610 Assens (Assens Municipality)"",8431"
" ,"" "",""5620 Glamsbjerg (Assens Municipality)"",5772"
" ,"" "",""5631 Ebberup (Assens Municipality)"",1733"
" ,"" "",""5642 Millinge (Assens Municipality, Faaborg-Midtfyn Municipality)"",1075"
" ,"" "",""5672 Broby (Faaborg-Midtfyn Municipality)"",5984"
" ,"" "",""5683 Haarby (Assens Municipality)"",4775"
" ,"" "",""5690 Tommerup (Assens Municipality)"",8095"
" ,"" "",""5700 Svendborg (Svendborg Municipality)"",41969"
" ,"" "",""5750 Ringe (Faaborg-Midtfyn Municipality)"",12986"
" ,"" "",""5762 Vester Skerninge (Faaborg-Midtfyn Municipality, Svendborg Municipality)"",5143"
" ,"" "",""5771 Stenstrup (Faaborg-Midtfyn Municipality, Svendborg Municipality)"",4046"
" ,"" "",""5772 Kvćrndrup (Faaborg-Midtfyn Municipality, Svendborg Municipality)"",2543"
" ,"" "",""5792 Ĺrslev (Faaborg-Midtfyn Municipality)"",9434"
" ,"" "",""5800 Nyborg (Nyborg Municipality)"",20735"
" ,"" "",""5853 Řrbćk (Faaborg-Midtfyn Municipality, Nyborg Municipality)"",4691"
" ,"" "",""5854 Gislev (Faaborg-Midtfyn Municipality)"",1813"
" ,"" "",""5856 Ryslinge (Faaborg-Midtfyn Municipality)"",2365"
" ,"" "",""5863 Ferritslev Fyn (Faaborg-Midtfyn Municipality)"",1711"
" ,"" "",""5871 Frřrup (Nyborg Municipality)"",1550"
" ,"" "",""5874 Hesselager (Nyborg Municipality, Svendborg Municipality)"",2209"
" ,"" "",""5881 Skĺrup Fyn (Svendborg Municipality)"",2876"
" ,"" "",""5882 Vejstrup (Svendborg Municipality)"",877"
" ,"" "",""5883 Oure (Svendborg Municipality)"",893"
" ,"" "",""5884 Gudme (Svendborg Municipality)"",1199"
" ,"" "",""5892 Gudbjerg Sydfyn (Svendborg Municipality)"",1022"
" ,"" "",""5900 Rudkřbing (Langeland Municipality)"",6788"
" ,"" "",""5932 Humble (Langeland Municipality)"",1612"
" ,"" "",""5935 Bagenkop (Langeland Municipality)"",636"
" ,"" "",""5943 Strynř (Langeland Municipality)"",215"
" ,"" "",""5953 Tranekćr (Langeland Municipality)"",2575"
" ,"" "",""5960 Marstal (Ćrř Municipality)"",2587"
" ,"" "",""5965 Birkholm (Ćrř Municipality)"",9"
" ,"" "",""5970 Ćrřskřbing (Ćrř Municipality)"",2378"
" ,"" "",""5985 Sřby Ćrř (Ćrř Municipality)"",792"
" ,"" "",""6000 Kolding (Kolding Municipality)"",65909"
" ,"" "",""6040 Egtved (Kolding Municipality, Vejle Municipality)"",7941"
" ,"" "",""6051 Almind (Kolding Municipality)"",2086"
" ,"" "",""6052 Viuf (Kolding Municipality, Vejle Municipality)"",969"
" ,"" "",""6064 Jordrup (Kolding Municipality)"",1219"
" ,"" "",""6070 Christiansfeld (Haderslev Municipality, Kolding Municipality)"",6052"
" ,"" "",""6091 Bjert (Kolding Municipality)"",2953"
" ,"" "",""6092 Sřnder Stenderup (Kolding Municipality)"",805"
" ,"" "",""6093 Sjřlund (Kolding Municipality)"",1022"
" ,"" "",""6094 Hejls (Haderslev Municipality, Kolding Municipality)"",1025"
" ,"" "",""6100 Haderslev (Haderslev Municipality, Kolding Municipality)"",33800"
" ,"" "",""6200 Aabenraa (Aabenraa Municipality)"",28379"
" ,"" "",""6210 Barsř (Aabenraa Municipality)"",10"
" ,"" "",""6230 Rřdekro (Aabenraa Municipality)"",11574"
" ,"" "",""6240 Lřgumkloster (Třnder Municipality)"",6198"
" ,"" "",""6261 Bredebro (Třnder Municipality)"",3004"
" ,"" "",""6270 Třnder (Třnder Municipality)"",11035"
" ,"" "",""6280 Hřjer (Třnder Municipality)"",2083"
" ,"" "",""6300 Grĺsten (Sřnderborg Municipality)"",7380"
" ,"" "",""6310 Broager (Sřnderborg Municipality)"",4514"
" ,"" "",""6320 Egernsund (Sřnderborg Municipality)"",1485"
" ,"" "",""6330 Padborg (Aabenraa Municipality)"",5085"
" ,"" "",""6340 Krusĺ (Aabenraa Municipality)"",4307"
" ,"" "",""6360 Tinglev (Aabenraa Municipality)"",4302"
" ,"" "",""6372 Bylderup-Bov (Aabenraa Municipality)"",3079"
" ,"" "",""6392 Bolderslev (Aabenraa Municipality)"",1660"
" ,"" "",""6400 Sřnderborg (Sřnderborg Municipality)"",37038"
" ,"" "",""6430 Nordborg (Sřnderborg Municipality)"",11321"
" ,"" "",""6440 Augustenborg (Sřnderborg Municipality)"",5947"
" ,"" "",""6470 Sydals (Sřnderborg Municipality)"",6332"
" ,"" "",""6500 Vojens (Haderslev Municipality)"",13634"
" ,"" "",""6510 Gram (Haderslev Municipality, Esbjerg Municipality, Vejen Municipality)"",4408"
" ,"" "",""6520 Toftlund (Haderslev Municipality, Třnder Municipality)"",4770"
" ,"" "",""6534 Agerskov (Haderslev Municipality, Třnder Municipality, Aabenraa Municipality)"",1790"
" ,"" "",""6535 Branderup J (Třnder Municipality)"",624"
" ,"" "",""6541 Bevtoft (Haderslev Municipality, Třnder Municipality)"",1210"
" ,"" "",""6560 Sommersted (Haderslev Municipality, Kolding Municipality)"",2068"
" ,"" "",""6580 Vamdrup (Kolding Municipality)"",7403"
" ,"" "",""6600 Vejen (Vejen Municipality)"",16053"
" ,"" "",""6621 Gesten (Vejen Municipality)"",1256"
" ,"" "",""6622 Bćkke (Vejen Municipality)"",1716"
" ,"" "",""6623 Vorbasse (Billund Municipality, Vejen Municipality, Vejle Municipality)"",2008"
" ,"" "",""6630 Rřdding (Haderslev Municipality, Vejen Municipality)"",10004"
" ,"" "",""6640 Lunderskov (Kolding Municipality)"",4671"
" ,"" "",""6650 Brřrup (Vejen Municipality)"",6456"
" ,"" "",""6660 Lintrup (Vejen Municipality)"",660"
" ,"" "",""6670 Holsted (Esbjerg Municipality, Vejen Municipality)"",3751"
" ,"" "",""6682 Hovborg (Varde Municipality, Vejen Municipality)"",542"
" ,"" "",""6683 Fřvling (Esbjerg Municipality, Vejen Municipality)"",1007"
" ,"" "",""6690 Gřrding (Esbjerg Municipality, Vejen Municipality)"",2517"
" ,"" "",""6700 Esbjerg (Esbjerg Municipality)"",29336"
" ,"" "",""6705 Esbjerg Ř (Esbjerg Municipality)"",14703"
" ,"" "",""6710 Esbjerg V (Esbjerg Municipality)"",24074"
" ,"" "",""6715 Esbjerg N (Esbjerg Municipality)"",11710"
" ,"" "",""6720 Fanř (Fanř Municipality)"",3332"
" ,"" "",""6731 Tjćreborg (Esbjerg Municipality)"",3600"
" ,"" "",""6740 Bramming (Esbjerg Municipality)"",11474"
" ,"" "",""6752 Glejbjerg (Vejen Municipality)"",1161"
" ,"" "",""6753 Agerbćk (Varde Municipality, Vejen Municipality)"",1583"
" ,"" "",""6760 Ribe (Esbjerg Municipality)"",14949"
" ,"" "",""6771 Gredstedbro (Esbjerg Municipality)"",2465"
" ,"" "",""6780 Skćrbćk (Třnder Municipality)"",5977"
" ,"" "",""6792 Rřmř (Třnder Municipality)"",538"
" ,"" "",""6800 Varde (Varde Municipality)"",22356"
" ,"" "",""6818 Ĺrre (Esbjerg Municipality, Varde Municipality)"",2269"
" ,"" "",""6823 Ansager (Billund Municipality, Varde Municipality)"",2723"
" ,"" "",""6830 Nřrre Nebel (Varde Municipality, Ringkřbing-Skjern Municipality)"",3124"
" ,"" "",""6840 Oksbřl (Varde Municipality)"",3735"
" ,"" "",""6851 Janderup Vestj (Varde Municipality)"",1277"
" ,"" "",""6852 Billum (Varde Municipality)"",823"
" ,"" "",""6853 Vejers Strand (Varde Municipality)"",88"
" ,"" "",""6854 Henne (Varde Municipality)"",605"
" ,"" "",""6855 Outrup (Varde Municipality)"",1647"
" ,"" "",""6857 Blĺvand (Varde Municipality)"",498"
" ,"" "",""6862 Tistrup (Varde Municipality)"",1980"
" ,"" "",""6870 Řlgod (Varde Municipality, Ringkřbing-Skjern Municipality)"",5688"
" ,"" "",""6880 Tarm (Varde Municipality, Ringkřbing-Skjern Municipality)"",6837"
" ,"" "",""6893 Hemmet (Ringkřbing-Skjern Municipality)"",1711"
" ,"" "",""6900 Skjern (Ringkřbing-Skjern Municipality)"",13125"
" ,"" "",""6920 Videbćk (Ringkřbing-Skjern Municipality)"",8432"
" ,"" "",""6933 Kibćk (Herning Municipality, Ringkřbing-Skjern Municipality)"",4891"
" ,"" "",""6940 Lem St (Ringkřbing-Skjern Municipality)"",2142"
" ,"" "",""6950 Ringkřbing (Ringkřbing-Skjern Municipality)"",13985"
" ,"" "",""6960 Hvide Sande (Ringkřbing-Skjern Municipality)"",3057"
" ,"" "",""6971 Spjald (Ringkřbing-Skjern Municipality)"",3099"
" ,"" "",""6973 Řrnhřj (Herning Municipality, Ringkřbing-Skjern Municipality)"",1248"
" ,"" "",""6980 Tim (Ringkřbing-Skjern Municipality)"",1799"
" ,"" "",""6990 Ulfborg (Herning Municipality, Holstebro Municipality, Lemvig Municipality, Ringkřbing-Skjern Municipality)"",4654"
" ,"" "",""7000 Fredericia (Fredericia Municipality, Vejle Municipality)"",54611"
" ,"" "",""7080 Břrkop (Vejle Municipality)"",13849"
" ,"" "",""7100 Vejle (Vejle Municipality, Hedensted Municipality)"",64323"
" ,"" "",""7120 Vejle Řst (Vejle Municipality, Hedensted Municipality)"",12726"
" ,"" "",""7130 Juelsminde (Hedensted Municipality)"",8883"
" ,"" "",""7140 Stouby (Hedensted Municipality)"",1943"
" ,"" "",""7150 Barrit (Hedensted Municipality)"",1320"
" ,"" "",""7160 Třrring (Vejle Municipality, Hedensted Municipality)"",5908"
" ,"" "",""7171 Uldum (Hedensted Municipality)"",2145"
" ,"" "",""7173 Vonge (Vejle Municipality, Hedensted Municipality)"",1011"
" ,"" "",""7182 Bredsten (Vejle Municipality)"",3565"
" ,"" "",""7183 Randbřl (Vejle Municipality)"",1106"
" ,"" "",""7184 Vandel (Vejle Municipality)"",1009"
" ,"" "",""7190 Billund (Billund Municipality, Vejle Municipality)"",7964"
" ,"" "",""7200 Grindsted (Billund Municipality, Varde Municipality, Vejle Municipality)"",14100"
" ,"" "",""7250 Hejnsvig (Billund Municipality)"",1932"
" ,"" "",""7260 Sřnder Omme (Billund Municipality, Herning Municipality)"",2349"
" ,"" "",""7270 Stakroge (Billund Municipality, Herning Municipality, Ringkřbing-Skjern Municipality)"",411"
" ,"" "",""7280 Sřnder Felding (Herning Municipality, Ringkřbing-Skjern Municipality)"",1742"
" ,"" "",""7300 Jelling (Vejle Municipality)"",6554"
" ,"" "",""7321 Gadbjerg (Vejle Municipality)"",1515"
" ,"" "",""7323 Give (Vejle Municipality, Ikast-Brande Municipality)"",11783"
" ,"" "",""7330 Brande (Vejle Municipality, Herning Municipality, Ikast-Brande Municipality)"",10156"
" ,"" "",""7361 Ejstrupholm (Vejle Municipality, Ikast-Brande Municipality)"",3035"
" ,"" "",""7362 Hampen (Silkeborg Municipality, Ikast-Brande Municipality)"",684"
" ,"" "",""7400 Herning (Herning Municipality, Ikast-Brande Municipality, Ringkřbing-Skjern Municipality)"",60758"
" ,"" "",""7430 Ikast (Ikast-Brande Municipality)"",19380"
" ,"" "",""7441 Bording (Silkeborg Municipality, Ikast-Brande Municipality)"",3968"
" ,"" "",""7442 Engesvang (Silkeborg Municipality, Ikast-Brande Municipality)"",3037"
" ,"" "",""7451 Sunds (Herning Municipality, Ikast-Brande Municipality)"",6142"
" ,"" "",""7470 Karup J (Herning Municipality, Silkeborg Municipality, Viborg Municipality)"",6680"
" ,"" "",""7480 Vildbjerg (Herning Municipality, Ringkřbing-Skjern Municipality)"",6836"
" ,"" "",""7490 Aulum (Herning Municipality)"",4863"
" ,"" "",""7500 Holstebro (Herning Municipality, Holstebro Municipality, Struer Municipality)"",46220"
" ,"" "",""7540 Haderup (Herning Municipality, Holstebro Municipality)"",1825"
" ,"" "",""7550 Sřrvad (Herning Municipality)"",1664"
" ,"" "",""7560 Hjerm (Holstebro Municipality, Struer Municipality)"",1668"
" ,"" "",""7570 Vemb (Holstebro Municipality, Lemvig Municipality)"",2249"
" ,"" "",""7600 Struer (Holstebro Municipality, Lemvig Municipality, Struer Municipality)"",15568"
" ,"" "",""7620 Lemvig (Lemvig Municipality)"",12811"
" ,"" "",""7650 Břvlingbjerg (Lemvig Municipality)"",901"
" ,"" "",""7660 Bćkmarksbro (Lemvig Municipality, Struer Municipality)"",1319"
" ,"" "",""7673 Harbořre (Lemvig Municipality)"",1505"
" ,"" "",""7680 Thyborřn (Lemvig Municipality)"",1719"
" ,"" "",""7700 Thisted (Thisted Municipality)"",25228"
" ,"" "",""7730 Hanstholm (Thisted Municipality)"",2739"
" ,"" "",""7741 Frřstrup (Thisted Municipality)"",1258"
" ,"" "",""7742 Veslřs (Thisted Municipality)"",994"
" ,"" "",""7752 Snedsted (Thisted Municipality)"",4465"
" ,"" "",""7755 Bedsted Thy (Thisted Municipality)"",2101"
" ,"" "",""7760 Hurup Thy (Struer Municipality, Thisted Municipality)"",4390"
" ,"" "",""7770 Vestervig (Thisted Municipality)"",1363"
" ,"" "",""7790 Thyholm (Struer Municipality)"",2826"
" ,"" "",""7800 Skive (Holstebro Municipality, Skive Municipality, Viborg Municipality)"",24906"
" ,"" "",""7830 Vinderup (Holstebro Municipality, Struer Municipality, Skive Municipality)"",7125"
" ,"" "",""7840 Hřjslev (Skive Municipality, Viborg Municipality)"",4569"
" ,"" "",""7850 Stoholm Jyll (Viborg Municipality)"",3652"
" ,"" "",""7860 Spřttrup (Skive Municipality)"",6597"
" ,"" "",""7870 Roslev (Skive Municipality)"",9373"
" ,"" "",""7884 Fur (Skive Municipality)"",735"
" ,"" "",""7900 Nykřbing M (Morsř Municipality)"",13028"
" ,"" "",""7950 Erslev (Morsř Municipality)"",3077"
" ,"" "",""7960 Karby (Morsř Municipality)"",794"
" ,"" "",""7970 Redsted M (Morsř Municipality)"",700"
" ,"" "",""7980 Vils (Morsř Municipality)"",706"
" ,"" "",""7990 Řster Assels (Morsř Municipality)"",1039"
" ,"" "",""8000 Aarhus C (Ĺrhus Municipality)"",81105"
" ,"" "",""8200 Aarhus N (Ĺrhus Municipality)"",38501"
" ,"" "",""8210 Aarhus V (Ĺrhus Municipality)"",25471"
" ,"" "",""8220 Brabrand (Ĺrhus Municipality)"",20061"
" ,"" "",""8230 Ĺbyhřj (Ĺrhus Municipality)"",13851"
" ,"" "",""8240 Risskov (Ĺrhus Municipality)"",36614"
" ,"" "",""8250 Egĺ (Ĺrhus Municipality)"",11688"
" ,"" "",""8260 Viby J (Ĺrhus Municipality)"",29500"
" ,"" "",""8270 Hřjbjerg (Ĺrhus Municipality)"",22421"
" ,"" "",""8300 Odder (Horsens Municipality, Odder Municipality, Ĺrhus Municipality)"",23074"
" ,"" "",""8305 Samsř (Samsř Municipality)"",3617"
" ,"" "",""8310 Tranbjerg J (Ĺrhus Municipality)"",9101"
" ,"" "",""8320 Mĺrslet (Ĺrhus Municipality)"",6482"
" ,"" "",""8330 Beder (Ĺrhus Municipality)"",4821"
" ,"" "",""8340 Malling (Odder Municipality, Ĺrhus Municipality)"",6367"
" ,"" "",""8350 Hundslund (Odder Municipality)"",1289"
" ,"" "",""8355 Solbjerg (Ĺrhus Municipality)"",5551"
" ,"" "",""8361 Hasselager (Ĺrhus Municipality)"",8241"
" ,"" "",""8362 Hřrning (Skanderborg Municipality, Ĺrhus Municipality)"",9664"
" ,"" "",""8370 Hadsten (Syddjurs Municipality, Favrskov Municipality)"",13571"
" ,"" "",""8380 Trige (Favrskov Municipality, Ĺrhus Municipality)"",5644"
" ,"" "",""8381 Tilst (Ĺrhus Municipality)"",13723"
" ,"" "",""8382 Hinnerup (Favrskov Municipality, Ĺrhus Municipality)"",15257"
" ,"" "",""8400 Ebeltoft (Syddjurs Municipality)"",10647"
" ,"" "",""8410 Rřnde (Syddjurs Municipality)"",8881"
" ,"" "",""8420 Knebel (Syddjurs Municipality)"",3274"
" ,"" "",""8444 Balle (Syddjurs Municipality, Norddjurs Municipality)"",982"
" ,"" "",""8450 Hammel (Favrskov Municipality, Silkeborg Municipality)"",9956"
" ,"" "",""8462 Harlev J (Ĺrhus Municipality)"",5141"
" ,"" "",""8464 Galten (Favrskov Municipality, Skanderborg Municipality, Ĺrhus Municipality)"",13530"
" ,"" "",""8471 Sabro (Favrskov Municipality, Skanderborg Municipality, Ĺrhus Municipality)"",6305"
" ,"" "",""8472 Sporup (Favrskov Municipality, Silkeborg Municipality, Skanderborg Municipality)"",1004"
" ,"" "",""8500 Grenaa (Norddjurs Municipality)"",17867"
" ,"" "",""8520 Lystrup (Ĺrhus Municipality)"",11640"
" ,"" "",""8530 Hjortshřj (Ĺrhus Municipality)"",5870"
" ,"" "",""8541 Skřdstrup (Ĺrhus Municipality)"",9927"
" ,"" "",""8543 Hornslet (Syddjurs Municipality, Ĺrhus Municipality)"",8544"
" ,"" "",""8544 Mřrke (Syddjurs Municipality, Norddjurs Municipality)"",3745"
" ,"" "",""8550 Ryomgĺrd (Syddjurs Municipality, Norddjurs Municipality)"",4234"
" ,"" "",""8560 Kolind (Syddjurs Municipality, Norddjurs Municipality)"",3473"
" ,"" "",""8570 Trustrup (Syddjurs Municipality, Norddjurs Municipality)"",1694"
" ,"" "",""8581 Nimtofte (Syddjurs Municipality, Norddjurs Municipality)"",1173"
" ,"" "",""8585 Glesborg (Norddjurs Municipality)"",2708"
" ,"" "",""8586 Řrum Djurs (Norddjurs Municipality)"",1772"
" ,"" "",""8592 Anholt (Norddjurs Municipality)"",131"
" ,"" "",""8600 Silkeborg (Silkeborg Municipality, Skanderborg Municipality, Ikast-Brande Municipality)"",73808"
" ,"" "",""8620 Kjellerup (Silkeborg Municipality, Viborg Municipality)"",11602"
" ,"" "",""8632 Lemming (Silkeborg Municipality)"",1094"
" ,"" "",""8641 Sorring (Favrskov Municipality, Silkeborg Municipality)"",1633"
" ,"" "",""8643 Ans By (Silkeborg Municipality, Viborg Municipality)"",2819"
" ,"" "",""8653 Them (Silkeborg Municipality)"",4140"
" ,"" "",""8654 Bryrup (Horsens Municipality, Silkeborg Municipality, Ikast-Brande Municipality)"",2515"
" ,"" "",""8660 Skanderborg (Horsens Municipality, Odder Municipality, Skanderborg Municipality, Ĺrhus Municipality)"",29721"
" ,"" "",""8670 Lĺsby (Skanderborg Municipality)"",2562"
" ,"" "",""8680 Ry (Horsens Municipality, Silkeborg Municipality, Skanderborg Municipality)"",11290"
" ,"" "",""8700 Horsens (Horsens Municipality, Hedensted Municipality)"",79996"
" ,"" "",""8721 Daugĺrd (Vejle Municipality, Hedensted Municipality)"",1658"
" ,"" "",""8722 Hedensted (Vejle Municipality, Hedensted Municipality)"",10617"
" ,"" "",""8723 Lřsning (Hedensted Municipality)"",7331"
" ,"" "",""8732 Hovedgĺrd (Horsens Municipality)"",3442"
" ,"" "",""8740 Brćdstrup (Horsens Municipality, Silkeborg Municipality)"",8248"
" ,"" "",""8751 Gedved (Horsens Municipality, Skanderborg Municipality)"",2902"
" ,"" "",""8752 Řstbirk (Horsens Municipality)"",4175"
" ,"" "",""8762 Flemming (Horsens Municipality, Hedensted Municipality)"",990"
" ,"" "",""8763 Rask Mřlle (Hedensted Municipality)"",1673"
" ,"" "",""8765 Klovborg (Horsens Municipality, Ikast-Brande Municipality)"",911"
" ,"" "",""8766 Nřrre Snede (Ikast-Brande Municipality, Hedensted Municipality)"",2642"
" ,"" "",""8781 Stenderup (Horsens Municipality, Hedensted Municipality)"",807"
" ,"" "",""8783 Hornsyld (Horsens Municipality, Hedensted Municipality)"",2915"
" ,"" "",""8789 Endelave (Horsens Municipality)"",149"
" ,"" "",""8799 Tunř (Odder Municipality)"",70"
" ,"" "",""8800 Viborg (Silkeborg Municipality, Viborg Municipality)"",52029"
" ,"" "",""8830 Tjele (Viborg Municipality)"",8880"
" ,"" "",""8831 Lřgstrup (Viborg Municipality)"",3270"
" ,"" "",""8832 Skals (Viborg Municipality)"",3477"
" ,"" "",""8840 Rřdkćrsbro (Silkeborg Municipality, Viborg Municipality)"",2791"
" ,"" "",""8850 Bjerringbro (Favrskov Municipality, Viborg Municipality)"",11217"
" ,"" "",""8860 Ulstrup (Favrskov Municipality, Randers Municipality, Viborg Municipality)"",3882"
" ,"" "",""8870 Langĺ (Favrskov Municipality, Randers Municipality)"",8299"
" ,"" "",""8881 Thorsř (Favrskov Municipality, Silkeborg Municipality)"",2728"
" ,"" "",""8882 Fĺrvang (Favrskov Municipality, Silkeborg Municipality)"",2312"
" ,"" "",""8883 Gjern (Silkeborg Municipality)"",2126"
" ,"" "",""8900 Randers C (Favrskov Municipality, Randers Municipality, Viborg Municipality)"",13824"
" ,"" "",""8920 Randers NV (Randers Municipality, Viborg Municipality)"",23567"
" ,"" "",""8930 Randers NŘ (Randers Municipality)"",18811"
" ,"" "",""8940 Randers SV (Favrskov Municipality, Randers Municipality)"",9335"
" ,"" "",""8950 Řrsted (Norddjurs Municipality)"",2816"
" ,"" "",""8960 Randers SŘ (Favrskov Municipality, Randers Municipality)"",15854"
" ,"" "",""8961 Allingĺbro (Norddjurs Municipality)"",4145"
" ,"" "",""8963 Auning (Syddjurs Municipality, Norddjurs Municipality)"",4730"
" ,"" "",""8970 Havndal (Randers Municipality, Mariagerfjord Municipality)"",3031"
" ,"" "",""8981 Spentrup (Randers Municipality)"",4450"
" ,"" "",""8983 Gjerlev J (Randers Municipality)"",3082"
" ,"" "",""8990 Fĺrup (Randers Municipality, Mariagerfjord Municipality)"",2822"
" ,"" "",""9000 Aalborg (Aalborg Municipality)"",79500"
" ,"" "",""9200 Aalborg SV (Aalborg Municipality)"",13317"
" ,"" "",""9210 Aalborg SŘ (Aalborg Municipality)"",14903"
" ,"" "",""9220 Aalborg Řst (Aalborg Municipality)"",17527"
" ,"" "",""9230 Svenstrup J (Rebild Municipality, Aalborg Municipality)"",11655"
" ,"" "",""9240 Nibe (Vesthimmerlands Municipality, Rebild Municipality, Aalborg Municipality)"",12523"
" ,"" "",""9260 Gistrup (Rebild Municipality, Aalborg Municipality)"",7536"
" ,"" "",""9270 Klarup (Aalborg Municipality)"",5921"
" ,"" "",""9280 Storvorde (Aalborg Municipality)"",7725"
" ,"" "",""9293 Kongerslev (Rebild Municipality, Aalborg Municipality)"",2213"
" ,"" "",""9300 Sćby (Frederikshavn Municipality)"",12171"
" ,"" "",""9310 Vodskov (Aalborg Municipality)"",10795"
" ,"" "",""9320 Hjallerup (Brřnderslev Municipality, Aalborg Municipality)"",6687"
" ,"" "",""9330 Dronninglund (Brřnderslev Municipality, Frederikshavn Municipality)"",7812"
" ,"" "",""9340 Asaa (Brřnderslev Municipality, Frederikshavn Municipality)"",1716"
" ,"" "",""9352 Dybvad (Brřnderslev Municipality, Frederikshavn Municipality)"",1556"
" ,"" "",""9362 Gandrup (Aalborg Municipality)"",2451"
" ,"" "",""9370 Hals (Brřnderslev Municipality, Aalborg Municipality)"",5846"
" ,"" "",""9380 Vestbjerg (Aalborg Municipality)"",3271"
" ,"" "",""9381 Sulsted (Jammerbugt Municipality, Aalborg Municipality)"",2158"
" ,"" "",""9382 Tylstrup (Brřnderslev Municipality, Jammerbugt Municipality, Aalborg Municipality)"",1869"
" ,"" "",""9400 Nřrresundby (Aalborg Municipality)"",25158"
" ,"" "",""9430 Vadum (Jammerbugt Municipality, Aalborg Municipality)"",4814"
" ,"" "",""9440 Aabybro (Brřnderslev Municipality, Jammerbugt Municipality, Aalborg Municipality)"",11463"
" ,"" "",""9460 Brovst (Jammerbugt Municipality)"",7382"
" ,"" "",""9480 Lřkken (Brřnderslev Municipality, Jammerbugt Municipality, Hjřrring Municipality)"",4292"
" ,"" "",""9490 Pandrup (Jammerbugt Municipality)"",5984"
" ,"" "",""9492 Blokhus (Jammerbugt Municipality)"",1440"
" ,"" "",""9493 Saltum (Jammerbugt Municipality)"",1302"
" ,"" "",""9500 Hobro (Viborg Municipality, Rebild Municipality, Mariagerfjord Municipality)"",22274"
" ,"" "",""9510 Arden (Rebild Municipality, Mariagerfjord Municipality)"",4784"
" ,"" "",""9520 Skřrping (Rebild Municipality)"",6451"
" ,"" "",""9530 Střvring (Rebild Municipality, Aalborg Municipality)"",12723"
" ,"" "",""9541 Suldrup (Vesthimmerlands Municipality, Rebild Municipality)"",2640"
" ,"" "",""9550 Mariager (Randers Municipality, Mariagerfjord Municipality)"",5649"
" ,"" "",""9560 Hadsund (Rebild Municipality, Mariagerfjord Municipality)"",10316"
" ,"" "",""9574 Bćlum (Rebild Municipality)"",1208"
" ,"" "",""9575 Terndrup (Rebild Municipality)"",2113"
" ,"" "",""9600 Aars (Vesthimmerlands Municipality, Rebild Municipality)"",13301"
" ,"" "",""9610 Nřrager (Vesthimmerlands Municipality, Rebild Municipality)"",4036"
" ,"" "",""9620 Aalestrup (Viborg Municipality, Vesthimmerlands Municipality, Rebild Municipality, Mariagerfjord Municipality)"",5010"
" ,"" "",""9631 Gedsted (Viborg Municipality, Vesthimmerlands Municipality)"",1306"
" ,"" "",""9632 Mřldrup (Viborg Municipality, Mariagerfjord Municipality)"",2662"
" ,"" "",""9640 Farsř (Vesthimmerlands Municipality)"",7456"
" ,"" "",""9670 Lřgstřr (Vesthimmerlands Municipality, Jammerbugt Municipality)"",7259"
" ,"" "",""9681 Ranum (Vesthimmerlands Municipality)"",1282"
" ,"" "",""9690 Fjerritslev (Jammerbugt Municipality)"",7497"
" ,"" "",""9700 Brřnderslev (Brřnderslev Municipality, Jammerbugt Municipality)"",18624"
" ,"" "",""9740 Jerslev J (Brřnderslev Municipality, Hjřrring Municipality)"",2314"
" ,"" "",""9750 Řstervrĺ (Brřnderslev Municipality, Frederikshavn Municipality, Hjřrring Municipality)"",2514"
" ,"" "",""9760 Vrĺ (Brřnderslev Municipality, Hjřrring Municipality)"",5190"
" ,"" "",""9800 Hjřrring (Hjřrring Municipality)"",33709"
" ,"" "",""9830 Tĺrs (Frederikshavn Municipality, Hjřrring Municipality)"",3170"
" ,"" "",""9850 Hirtshals (Hjřrring Municipality)"",8363"
" ,"" "",""9870 Sindal (Frederikshavn Municipality, Hjřrring Municipality)"",6147"
" ,"" "",""9881 Bindslev (Frederikshavn Municipality, Hjřrring Municipality)"",2524"
" ,"" "",""9900 Frederikshavn (Frederikshavn Municipality, Hjřrring Municipality)"",28718"
" ,"" "",""9940 Lćsř (Lćsř Municipality)"",1683"
" ,"" "",""9970 Strandby (Frederikshavn Municipality)"",2432"
" ,"" "",""9981 Jerup (Frederikshavn Municipality)"",887"
" ,"" "",""9982 Ĺlbćk (Frederikshavn Municipality, Hjřrring Municipality)"",1697"
" ,"" "",""9990 Skagen (Frederikshavn Municipality)"",7387"
" ,"" "",""9999 Unknown"",11284"
